{"lr": 0.0003, "data_time": 0.11627352237701416, "grad_norm": 145.5885763670269, "loss": 18.243932949869258, "centerness_loss": 0.5110171421578056, "center_loss": 0.8244017707674127, "dir_class_loss": 2.513826527093586, "dir_res_loss": 0.08441428889177348, "size_res_loss": 1.1736087422621877, "corner_loss": 12.159053200169614, "vote_loss": 0.9776112688215155, "time": 1.7116003412949412, "epoch": 1, "iter": 38, "memory": 13064, "step": 38}
{"lr": 0.0003, "data_time": 0.0037688970565795898, "grad_norm": 68.07607635498047, "loss": 12.971054840087891, "centerness_loss": 0.3492068421840668, "center_loss": 0.710322517156601, "dir_class_loss": 2.5076154327392577, "dir_res_loss": 0.07052985198795796, "size_res_loss": 0.4549743540585041, "corner_loss": 7.9888573741912845, "vote_loss": 0.8895485758781433, "time": 0.9568154859542847, "epoch": 2, "iter": 76, "memory": 13220, "step": 76}
{"lr": 0.0003, "data_time": 0.003689098358154297, "grad_norm": 43.70660732269287, "loss": 10.921937580108642, "centerness_loss": 0.2530373990535736, "center_loss": 0.6763182830810547, "dir_class_loss": 2.441752862930298, "dir_res_loss": 0.0620293790102005, "size_res_loss": 0.14197488784790038, "corner_loss": 6.474190425872803, "vote_loss": 0.8726343452930451, "time": 0.9560454273223877, "epoch": 3, "iter": 114, "memory": 13076, "step": 114}
{"lr": 0.0003, "data_time": 0.0037151479721069334, "grad_norm": 32.99220241546631, "loss": 9.9871591091156, "centerness_loss": 0.22899012595415116, "center_loss": 0.6186380189657211, "dir_class_loss": 2.470556149482727, "dir_res_loss": 0.051637519113719464, "size_res_loss": 0.07180379636585713, "corner_loss": 5.726909875869751, "vote_loss": 0.8186235880851745, "time": 0.964458589553833, "epoch": 4, "iter": 152, "memory": 13037, "step": 152}
{"lr": 0.0003, "data_time": 0.0036767768859863282, "grad_norm": 25.71951801300049, "loss": 9.434792680740356, "centerness_loss": 0.21411242544651032, "center_loss": 0.5816126388311386, "dir_class_loss": 2.4411485147476197, "dir_res_loss": 0.049172090999782085, "size_res_loss": 0.050013648197054866, "corner_loss": 5.298892097473145, "vote_loss": 0.7998412585258484, "time": 0.9576031684875488, "epoch": 5, "iter": 190, "memory": 13192, "step": 190}
{"lr": 0.0003, "data_time": 0.0036227750778198243, "grad_norm": 22.399892349243164, "loss": 9.083480186462403, "centerness_loss": 0.20637962579727173, "center_loss": 0.5507046002149582, "dir_class_loss": 2.4198535585403445, "dir_res_loss": 0.04604480804875493, "size_res_loss": 0.04807023473083973, "corner_loss": 5.0397573709487915, "vote_loss": 0.7726700294017792, "time": 0.9659408283233643, "epoch": 6, "iter": 228, "memory": 13319, "step": 228}
{"lr": 0.0003, "data_time": 0.003394322395324707, "grad_norm": 20.126150493621825, "loss": 8.99440619468689, "centerness_loss": 0.20531906604766845, "center_loss": 0.5469533860683441, "dir_class_loss": 2.421981244087219, "dir_res_loss": 0.047193611208349466, "size_res_loss": 0.043200912363827226, "corner_loss": 4.985225563049316, "vote_loss": 0.7445324432849884, "time": 0.9567190313339233, "epoch": 7, "iter": 266, "memory": 13094, "step": 266}
{"lr": 0.0003, "data_time": 0.004036483764648438, "grad_norm": 19.284810123443602, "loss": 9.010252542495728, "centerness_loss": 0.20779906302690507, "center_loss": 0.5527334123849869, "dir_class_loss": 2.4148346090316775, "dir_res_loss": 0.04358192158862948, "size_res_loss": 0.03828853197395801, "corner_loss": 4.991706638336182, "vote_loss": 0.7613083851337433, "time": 0.95864408493042, "epoch": 8, "iter": 304, "memory": 13135, "step": 304}
{"lr": 0.0003, "data_time": 0.0038322877883911134, "grad_norm": 16.695608921051026, "loss": 8.842059965133666, "centerness_loss": 0.21296502143144608, "center_loss": 0.5310167920589447, "dir_class_loss": 2.418414149284363, "dir_res_loss": 0.04740615215152502, "size_res_loss": 0.04158904429525137, "corner_loss": 4.859957509040832, "vote_loss": 0.7307113528251648, "time": 0.9563111066818237, "epoch": 9, "iter": 342, "memory": 13016, "step": 342}
{"lr": 0.0003, "data_time": 0.0036331129074096678, "grad_norm": 16.88470920562744, "loss": 8.43586769104004, "centerness_loss": 0.21590404629707335, "center_loss": 0.4973625338077545, "dir_class_loss": 2.4121780395507812, "dir_res_loss": 0.04586070112884045, "size_res_loss": 0.03497862111777067, "corner_loss": 4.547373757362366, "vote_loss": 0.6822101151943207, "time": 0.9611552143096924, "epoch": 10, "iter": 380, "memory": 13383, "step": 380}
{"lr": 0.0003, "data_time": 0.003513050079345703, "grad_norm": 16.86514799118042, "loss": 8.474833288192748, "centerness_loss": 0.22597312778234482, "center_loss": 0.5032050323486328, "dir_class_loss": 2.4091835689544676, "dir_res_loss": 0.043921991661190984, "size_res_loss": 0.03462166484445334, "corner_loss": 4.583541331291198, "vote_loss": 0.6743865811824798, "time": 0.9612785053253173, "epoch": 11, "iter": 418, "memory": 13162, "step": 418}
{"lr": 0.0003, "data_time": 0.0037604713439941405, "grad_norm": 15.817194080352783, "loss": 8.69577922821045, "centerness_loss": 0.23129750192165374, "center_loss": 0.5218678826093673, "dir_class_loss": 2.4427473545074463, "dir_res_loss": 0.04408787958323956, "size_res_loss": 0.03505462389439344, "corner_loss": 4.737881913185119, "vote_loss": 0.6828420388698578, "time": 0.9724572229385376, "epoch": 12, "iter": 456, "memory": 13230, "step": 456}
